{"entities":{"pages":{"index-topic":{"id":"index-topic","title":"cSharp .Net","url":"index-topic.html","level":0,"tabIndex":0},"git-and-github":{"id":"git-and-github","title":"git-and-github","url":"git-and-github.html","level":0,"pages":["introduction","setup","collaboration"],"tabIndex":1},"introduction":{"id":"introduction","title":"introduction","url":"introduction.html","level":1,"parentId":"git-and-github","tabIndex":0},"setup":{"id":"setup","title":"setup GitHub","url":"setup.html","level":1,"parentId":"git-and-github","tabIndex":1},"collaboration":{"id":"collaboration","title":"🤝 Collaboration on GitHub","url":"collaboration.html","level":1,"parentId":"git-and-github","tabIndex":2},"CSharp-basics":{"id":"CSharp-basics","title":"CSharp-basics","url":"csharp-basics.html","level":0,"pages":["intro"],"tabIndex":2},"intro":{"id":"intro","title":"intro","url":"intro.html","level":1,"parentId":"CSharp-basics","tabIndex":0}}},"topLevelIds":["index-topic","git-and-github","CSharp-basics"]}